{
  "0": {
    "mean_fee": 0.005464700851851852,
    "spike_rate": 0.022222222222222223,
    "mean_ratio": 0.12592583333333332
  },
  "1": {
    "mean_fee": 0.005556963638888889,
    "spike_rate": 0.024074074074074074,
    "mean_ratio": 0.1286487037037037
  },
  "2": {
    "mean_fee": 0.005338565609981516,
    "spike_rate": 0.022181146025878003,
    "mean_ratio": 0.12454186691312384
  },
  "3": {
    "mean_fee": 0.004978390293577982,
    "spike_rate": 0.012844036697247707,
    "mean_ratio": 0.12266412844036698
  },
  "4": {
    "mean_fee": 0.005141160805555556,
    "spike_rate": 0.004629629629629629,
    "mean_ratio": 0.12075037037037036
  },
  "5": {
    "mean_fee": 0.0049127993492208985,
    "spike_rate": 0.0,
    "mean_ratio": 0.12164326306141156
  },
  "6": {
    "mean_fee": 0.005248451584249084,
    "spike_rate": 0.020146520146520148,
    "mean_ratio": 0.12255274725274727
  },
  "7": {
    "mean_fee": 0.005249077435185185,
    "spike_rate": 0.016666666666666666,
    "mean_ratio": 0.1230625
  },
  "8": {
    "mean_fee": 0.0051445496759259255,
    "spike_rate": 0.008333333333333333,
    "mean_ratio": 0.1253362962962963
  },
  "9": {
    "mean_fee": 0.005061969944444444,
    "spike_rate": 0.007407407407407408,
    "mean_ratio": 0.1235438888888889
  },
  "10": {
    "mean_fee": 0.005091678305555555,
    "spike_rate": 0.012962962962962963,
    "mean_ratio": 0.12536092592592593
  },
  "11": {
    "mean_fee": 0.005629196537037038,
    "spike_rate": 0.017592592592592594,
    "mean_ratio": 0.12756425925925924
  },
  "12": {
    "mean_fee": 0.005252803314814814,
    "spike_rate": 0.016666666666666666,
    "mean_ratio": 0.13327888888888886
  },
  "13": {
    "mean_fee": 0.00587856111111111,
    "spike_rate": 0.06388888888888888,
    "mean_ratio": 0.13696953703703704
  },
  "14": {
    "mean_fee": 0.006570598537037037,
    "spike_rate": 0.0962962962962963,
    "mean_ratio": 0.13560398148148148
  },
  "15": {
    "mean_fee": 0.006751636583333333,
    "spike_rate": 0.09907407407407408,
    "mean_ratio": 0.1377214814814815
  },
  "16": {
    "mean_fee": 0.006452072277777778,
    "spike_rate": 0.06481481481481481,
    "mean_ratio": 0.1323110185185185
  },
  "17": {
    "mean_fee": 0.006118120888888888,
    "spike_rate": 0.05092592592592592,
    "mean_ratio": 0.13119851851851852
  },
  "18": {
    "mean_fee": 0.006038847537037037,
    "spike_rate": 0.028703703703703703,
    "mean_ratio": 0.13013546296296297
  },
  "19": {
    "mean_fee": 0.005660339342592592,
    "spike_rate": 0.006481481481481481,
    "mean_ratio": 0.12819925925925926
  },
  "20": {
    "mean_fee": 0.00566292112037037,
    "spike_rate": 0.022222222222222223,
    "mean_ratio": 0.12420296296296295
  },
  "21": {
    "mean_fee": 0.005425473472222222,
    "spike_rate": 0.025925925925925925,
    "mean_ratio": 0.12356944444444443
  },
  "22": {
    "mean_fee": 0.005502315898148148,
    "spike_rate": 0.041666666666666664,
    "mean_ratio": 0.12304398148148148
  },
  "23": {
    "mean_fee": 0.00515657112037037,
    "spike_rate": 0.021296296296296296,
    "mean_ratio": 0.12030425925925928
  }
}