{
  "trained_at": "2026-05-12T15:56:57.830265",
  "model_version": "v20260512_1556",
  "data_path": "model/gas_fee_historical.csv",
  "architecture": "LightGBM Quantile Regression",
  "features": [
    "hour",
    "day_of_week",
    "fee_lag_1",
    "fee_rolling_mean",
    "fee_rolling_std",
    "fee_rolling_p75",
    "ratio_lag_1",
    "ratio_rolling_mean",
    "ratio_rolling_std"
  ],
  "metrics_overall": {
    "mae": 6.895675426548658e-05,
    "rmse": 0.0003356523727539092,
    "mape": 1.3788793933127588,
    "within_10pct": 97.79286926994907,
    "precision": 0.045871559633027525,
    "recall": 0.38461538461538464,
    "f1": 0.08196721311475409,
    "spike_mae": 0.0002380131523100903
  },
  "ci_coverage_pct": 89.04923599320882,
  "base_l2_floor_gwei": 0.005,
  "floor_tolerance": 0.0001,
  "spike_z_threshold": 2.0,
  "rolling_window_hours": 6,
  "percentiles": {
    "mean": 0.007242038562176164,
    "std": 0.04697125702999328,
    "p75": 0.005,
    "p90": 0.007891852000000001,
    "p99": 0.03394675890000019
  }
}